Player Name, Minutes Played, Games Played, PER, WS, WS48, OWS, DWS, BPM, OBPM, DBPM, VORP, Usage%, TS%, 3PA rate, FTA rate, ORB%, DRB%, TRB%, AST%, STL%, BLK%, TOV% 
Alex Abrines,588,31,6.3,0.7,0.056,0.1,0.6,-3.2,-2.3,-0.9,-0.2,12.2,0.507,0.809,0.083,0.9,7.7,4.2,4.3,1.3,0.9,7.9
Steven Adams,1866,55,19.2,7.1,0.182,4.2,2.9,3.0,1.1,1.9,2.4,16.4,0.61,0.002,0.384,13.6,15.3,14.4,6.9,2.1,1.9,11.8
Bam Adebayo,1236,56,16.6,4.0,0.156,2.0,2.0,2.3,-1.0,3.2,1.3,15.2,0.611,0.031,0.524,9.9,22.3,16.1,13.1,1.7,2.9,18.2
LaMarcus Aldridge,1896,58,22.6,6.1,0.155,4.5,1.7,1.3,1.2,0.1,1.6,27.3,0.569,0.025,0.33,10.6,19.7,15.2,12.6,0.8,3.1,9.2
Jarrett Allen,1538,57,18.8,5.4,0.169,3.2,2.2,2.6,-0.4,3.0,1.8,16.2,0.622,0.086,0.444,10.2,24.2,17.1,8.5,1.0,4.6,13.2
Al-Farouq Aminu,1655,57,13.4,4.5,0.129,2.5,2.0,1.4,0.4,1.0,1.4,13.1,0.577,0.499,0.308,5.6,22.8,14.4,6.0,1.5,1.0,9.0
Kyle Anderson,1281,43,13.0,2.8,0.104,0.8,1.9,1.3,-2.1,3.5,1.1,12.8,0.569,0.123,0.232,4.2,18.5,11.2,15.3,2.1,2.8,16.0
Giannis Antetokounmpo,1757,53,30.3,10.6,0.29,6.3,4.3,10.7,5.3,5.3,5.6,31.9,0.638,0.142,0.533,7.7,30.5,19.8,30.3,2.0,3.7,15.3
OG Anunoby,976,48,9.4,1.3,0.063,0.2,1.1,-1.6,-1.4,-0.2,0.1,15.7,0.527,0.508,0.137,4.2,12.0,8.1,4.6,1.6,0.9,9.5
Ryan Arcidiacono,1402,57,10.4,2.4,0.082,1.6,0.8,-1.3,-0.5,-0.8,0.3,10.2,0.573,0.655,0.202,1.1,9.5,5.3,19.9,1.9,0.1,14.1
Trevor Ariza,1910,54,12.0,1.9,0.048,0.9,1.1,-0.4,-0.2,-0.2,0.8,16.5,0.532,0.595,0.209,2.0,15.8,8.8,15.0,2.0,0.6,12.0
D.J. Augustin,1605,58,15.3,4.8,0.143,3.7,1.1,-0.5,1.8,-2.3,0.6,16.7,0.628,0.478,0.367,1.9,6.6,4.2,25.5,1.0,0.1,14.2
Deandre Ayton,1639,53,21.0,4.6,0.134,3.3,1.2,0.8,0.3,0.4,1.1,21.4,0.612,0.006,0.207,11.2,27.2,19.0,10.8,1.2,2.5,11.8
Marvin Bagley,1040,43,17.7,2.3,0.104,1.1,1.1,-1.9,-1.6,-0.3,0.0,22.8,0.568,0.128,0.392,9.8,19.8,14.7,5.8,1.0,3.4,12.2
Lonzo Ball,1423,47,11.9,1.7,0.056,-0.1,1.7,0.7,-0.8,1.5,1.0,16.9,0.487,0.5,0.105,4.0,13.8,9.1,23.7,2.3,1.1,17.8
Mohamed Bamba,766,47,15.0,1.6,0.103,0.3,1.4,-0.1,-3.2,3.1,0.4,17.9,0.539,0.288,0.259,8.9,24.1,16.4,7.6,0.8,6.9,13.7
J.J. Barea,752,38,16.5,1.2,0.077,0.5,0.7,-0.8,1.2,-2.0,0.2,27.9,0.495,0.332,0.203,1.9,11.5,6.8,47.8,1.4,0.1,14.7
Harrison Barnes,1692,52,13.1,2.5,0.071,1.1,1.4,-2.6,-0.8,-1.8,-0.3,23.1,0.536,0.439,0.273,2.6,11.8,7.3,6.6,1.1,0.5,8.0
Nicolas Batum,1778,57,12.0,3.0,0.081,1.6,1.4,0.8,-0.1,0.9,1.3,13.2,0.585,0.5,0.174,3.0,15.2,9.0,14.8,1.5,1.5,16.9
Aron Baynes,507,34,15.0,1.6,0.153,0.9,0.7,0.8,-0.3,1.1,0.4,16.7,0.574,0.324,0.311,12.6,18.4,15.5,10.2,0.6,3.9,14.3
Kent Bazemore,1122,44,14.2,1.1,0.049,0.1,1.1,-0.7,-1.2,0.5,0.4,22.5,0.538,0.403,0.275,2.2,14.0,8.0,14.7,2.8,2.8,14.0
Bradley Beal,2158,58,19.8,4.7,0.105,3.5,1.2,2.1,3.2,-1.1,2.2,28.3,0.576,0.367,0.263,3.3,11.9,7.5,23.3,1.8,1.7,11.7
Malik Beasley,1371,57,15.3,3.9,0.135,2.9,1.0,0.2,2.3,-2.2,0.8,17.9,0.631,0.528,0.084,1.7,9.7,5.7,7.2,1.4,0.4,5.9
Marco Belinelli,1295,57,13.4,2.2,0.083,1.6,0.6,-1.2,1.4,-2.6,0.3,20.2,0.571,0.574,0.199,0.9,10.3,5.6,11.8,1.1,0.5,8.4
Jordan Bell,531,48,13.7,1.3,0.115,0.6,0.7,0.7,-2.3,3.0,0.4,12.6,0.533,0.008,0.169,8.0,17.1,12.7,13.3,1.4,5.7,15.3
DeAndre' Bembry,1412,58,9.4,0.2,0.005,-1.0,1.1,-2.8,-3.8,0.9,-0.3,16.6,0.49,0.297,0.205,2.3,15.9,9.0,14.4,2.4,1.8,17.6
Davis Bertans,1130,53,14.5,3.2,0.135,2.3,0.9,2.4,2.7,-0.3,1.2,13.8,0.682,0.751,0.131,1.8,16.1,9.0,7.9,1.2,1.9,9.0
Patrick Beverley,1579,59,11.1,3.3,0.099,1.9,1.4,1.9,0.8,1.0,1.5,12.0,0.555,0.589,0.302,3.4,14.7,9.3,17.3,1.4,1.5,13.8
Nemanja Bjelica,1307,56,15.7,3.4,0.125,1.9,1.5,2.3,1.0,1.3,1.4,17.0,0.594,0.439,0.156,7.2,18.5,12.7,11.4,1.5,2.9,12.9
Antonio Blakeney,580,42,11.5,-0.2,-0.019,-0.5,0.2,-8.1,-4.4,-3.8,-0.9,25.3,0.502,0.246,0.197,1.1,11.1,6.1,6.6,0.8,1.2,7.5
Eric Bledsoe,1630,56,19.4,6.2,0.184,3.4,2.9,3.8,2.6,1.1,2.4,22.6,0.584,0.393,0.229,3.7,11.9,8.0,26.9,2.4,1.2,13.3
Bogdan Bogdanovic,1258,45,14.6,1.8,0.069,0.8,1.0,-0.6,0.6,-1.2,0.4,23.4,0.528,0.424,0.196,1.7,11.8,6.6,20.5,1.8,0.7,11.2
Bojan Bogdanovic,1845,58,15.2,5.0,0.131,2.8,2.3,0.1,1.2,-1.0,1.0,20.9,0.615,0.381,0.271,1.7,12.0,7.0,8.3,1.3,0.0,10.2
Devin Booker,1529,44,18.8,1.9,0.06,1.7,0.2,0.1,3.1,-3.0,0.8,31.5,0.571,0.338,0.325,1.9,11.1,6.4,33.5,1.2,0.4,15.3
Avery Bradley,1554,52,6.5,-0.1,-0.004,-0.8,0.7,-2.9,-2.1,-0.8,-0.3,14.9,0.481,0.395,0.054,2.5,7.0,4.8,10.1,0.9,0.8,12.5
Mikal Bridges,1643,59,11.1,2.0,0.06,1.2,0.9,0.2,-0.3,0.6,0.9,12.6,0.561,0.576,0.183,2.7,10.0,6.3,8.8,2.7,1.5,10.0
Miles Bridges,1042,55,11.9,1.5,0.069,0.5,1.0,-1.7,-2.0,0.3,0.1,15.2,0.533,0.398,0.191,3.3,16.7,9.9,7.4,1.3,2.9,9.0
Malcolm Brogdon,1548,53,17.8,5.6,0.175,3.4,2.2,1.7,1.7,0.0,1.4,20.8,0.611,0.313,0.206,3.8,12.5,8.4,16.3,1.2,0.7,10.5
Bruce Brown,970,49,6.4,0.7,0.035,-0.3,1.0,-2.6,-4.1,1.5,-0.2,12.6,0.455,0.307,0.195,3.6,11.6,7.5,9.4,1.1,2.0,12.2
Jaylen Brown,1376,53,12.9,2.1,0.073,0.3,1.8,-2.3,-1.9,-0.4,-0.1,22.1,0.531,0.342,0.246,4.1,13.5,8.8,7.6,1.7,1.7,10.2
Sterling Brown,745,46,10.5,1.6,0.104,0.5,1.1,-1.4,-1.5,0.1,0.1,14.2,0.561,0.524,0.119,3.5,14.3,9.2,10.1,1.1,0.6,12.3
Jalen Brunson,887,49,10.6,1.0,0.054,0.3,0.7,-3.4,-2.4,-1.0,-0.3,18.0,0.505,0.299,0.199,1.7,10.2,6.1,20.5,1.3,0.2,12.6
Thomas Bryant,916,48,21.4,3.6,0.19,2.8,0.8,1.3,1.2,0.1,0.8,17.1,0.694,0.156,0.252,7.9,25.5,16.5,9.0,0.8,3.5,9.0
Reggie Bullock,1421,46,10.9,2.5,0.086,1.4,1.1,-0.4,0.5,-0.8,0.6,16.2,0.568,0.661,0.14,1.5,8.6,4.9,11.9,0.9,0.5,10.2
Trey Burke,763,38,15.7,0.8,0.051,0.5,0.3,-2.9,0.0,-2.9,-0.2,25.5,0.502,0.25,0.216,2.3,7.4,4.7,23.3,1.7,0.6,8.1
Alec Burks,1291,54,13.1,1.4,0.054,0.8,0.6,-2.1,-1.3,-0.8,0.0,19.6,0.527,0.354,0.298,2.4,17.2,9.5,14.2,1.2,1.3,10.6
Jimmy Butler,1540,46,21.5,6.3,0.195,4.4,1.9,4.1,3.4,0.7,2.4,22.3,0.591,0.235,0.387,5.4,10.7,8.1,17.9,2.9,1.4,7.7
Jose Calderon,621,46,7.1,0.6,0.045,0.0,0.6,-5.0,-4.0,-1.0,-0.5,10.9,0.46,0.475,0.093,1.5,8.5,4.9,25.1,1.3,0.4,22.2
Kentavious Caldwell-Pope,1368,57,12.4,2.8,0.099,1.7,1.2,-0.6,0.4,-1.1,0.5,16.6,0.573,0.575,0.231,2.6,9.1,5.9,6.2,1.7,0.5,7.1
Clint Capela,1436,42,24.4,6.4,0.215,5.0,1.5,2.6,1.5,1.0,1.6,19.3,0.642,0.0,0.349,15.7,25.9,20.6,7.4,0.9,4.5,10.1
DeMarre Carroll,1181,46,12.1,2.0,0.079,1.0,1.0,-2.0,-1.0,-1.0,0.0,19.0,0.536,0.517,0.436,4.3,17.2,10.8,7.6,1.0,0.5,9.7
Vince Carter,838,53,11.7,1.1,0.066,0.6,0.5,-1.8,-0.5,-1.3,0.1,16.5,0.568,0.661,0.125,2.8,14.8,8.7,8.8,1.7,1.7,10.0
Wendell Carter,1110,44,15.3,2.0,0.084,0.7,1.2,-0.3,-2.4,2.1,0.5,19.2,0.541,0.086,0.302,8.5,21.6,15.1,10.9,1.1,4.6,13.4
Omri Casspi,520,36,16.0,1.3,0.123,0.6,0.8,-1.6,-2.0,0.4,0.0,18.3,0.606,0.267,0.36,3.6,22.0,12.6,8.3,1.9,1.7,11.0
Willie Cauley-Stein,1601,57,18.0,4.7,0.14,2.5,2.2,2.1,-0.2,2.3,1.6,18.8,0.551,0.004,0.343,8.7,22.7,15.6,13.2,2.1,2.1,9.5
Tyson Chandler,813,48,11.9,2.1,0.124,1.0,1.1,-0.7,-2.6,1.8,0.3,8.6,0.626,0.01,0.835,11.8,25.3,18.7,5.2,1.1,2.1,21.3
Wilson Chandler,951,36,9.1,1.5,0.075,0.6,0.9,0.1,-0.6,0.7,0.5,11.2,0.561,0.57,0.087,5.1,13.6,9.5,10.0,1.1,1.5,15.4
Gary Clark,528,37,8.3,0.6,0.054,0.2,0.4,-2.5,-2.8,0.3,-0.1,9.6,0.466,0.909,0.055,3.7,16.7,10.0,3.6,1.4,3.5,4.3
Ian Clark,535,41,6.2,-0.2,-0.022,-0.4,0.1,-6.2,-3.3,-3.0,-0.6,17.0,0.504,0.508,0.085,1.2,8.6,5.0,11.6,0.6,0.6,16.4
Jordan Clarkson,1542,57,17.3,1.3,0.04,1.2,0.0,-1.6,1.8,-3.4,0.2,28.6,0.539,0.377,0.149,3.8,10.7,7.1,16.4,1.4,0.6,9.7
John Collins,1248,42,21.4,4.0,0.152,3.4,0.6,1.2,2.9,-1.6,1.0,23.5,0.636,0.185,0.308,12.5,21.8,17.1,11.9,0.5,1.2,12.2
Zach Collins,1035,57,13.6,2.4,0.109,1.2,1.2,0.3,-0.8,1.1,0.6,16.3,0.569,0.295,0.322,8.6,16.4,12.6,7.2,1.0,3.6,14.3
Darren Collison,1626,58,16.3,5.4,0.16,3.0,2.5,1.3,1.0,0.2,1.3,16.7,0.573,0.305,0.243,1.8,9.6,5.8,28.8,2.5,0.4,14.2
Mike Conley,1875,56,20.4,5.7,0.146,3.7,2.0,3.0,4.0,-1.0,2.4,27.0,0.552,0.383,0.321,2.0,9.8,5.8,33.5,2.1,0.9,9.3
Pat Connaughton,626,37,13.2,1.8,0.137,0.8,1.0,0.8,-0.2,1.0,0.4,14.8,0.533,0.578,0.115,4.9,14.5,10.0,14.2,1.2,2.0,8.2
Quinn Cook,705,49,12.9,1.1,0.076,0.6,0.5,-2.9,-0.4,-2.6,-0.2,20.6,0.539,0.447,0.067,2.5,13.6,8.3,16.1,1.1,0.4,9.4
Robert Covington,1203,35,13.4,2.7,0.106,1.0,1.7,2.7,0.6,2.1,1.4,15.6,0.58,0.622,0.246,2.5,14.7,8.6,5.3,2.9,3.2,10.5
Allen Crabbe,831,32,8.7,0.7,0.043,0.1,0.6,-2.3,-1.3,-1.0,-0.1,17.3,0.532,0.684,0.165,1.7,12.3,7.0,5.8,1.2,0.8,10.3
Torrey Craig,1166,52,9.4,1.8,0.075,0.7,1.1,-0.7,-1.2,0.5,0.4,12.3,0.525,0.504,0.181,6.8,12.3,9.5,5.4,1.2,2.5,11.3
Jamal Crawford,864,49,9.4,-0.5,-0.03,-0.5,0.0,-7.5,-3.5,-4.0,-1.2,19.9,0.478,0.451,0.241,0.9,6.9,3.8,27.6,1.2,0.9,18.1
Jae Crowder,1536,56,11.7,2.7,0.085,0.6,2.1,0.1,-0.2,0.3,0.8,19.2,0.533,0.659,0.274,3.2,15.5,9.4,8.7,1.4,1.1,9.5
Dante Cunningham,845,53,11.0,1.8,0.104,1.1,0.7,0.5,-0.2,0.7,0.5,8.8,0.621,0.423,0.113,5.9,17.3,11.6,7.2,1.3,1.3,12.4
Seth Curry,879,51,9.7,1.2,0.066,0.7,0.5,-2.0,-0.3,-1.7,0.0,14.9,0.577,0.532,0.064,2.0,6.7,4.4,7.8,1.0,0.6,11.3
Stephen Curry,1576,46,25.8,7.3,0.221,5.8,1.4,6.7,8.7,-2.0,3.5,30.4,0.66,0.589,0.241,2.3,13.4,8.0,24.0,1.7,1.0,11.4
Anthony Davis,1618,45,30.5,8.8,0.261,6.1,2.6,8.6,5.0,3.6,4.4,29.5,0.595,0.143,0.449,9.4,27.7,18.8,18.7,2.1,5.8,7.6
Ed Davis,1061,58,17.5,4.0,0.182,2.3,1.7,0.7,-1.0,1.7,0.7,12.8,0.625,0.009,0.504,16.4,34.2,25.2,6.5,1.3,2.0,15.2
Dewayne Dedmon,1189,48,15.0,2.6,0.105,1.4,1.2,0.3,-0.7,1.0,0.7,16.7,0.604,0.421,0.205,6.4,24.2,15.1,7.7,1.8,3.4,13.9
Sam Dekker,598,35,14.9,1.0,0.082,0.6,0.4,-1.7,-1.1,-0.5,0.1,16.4,0.54,0.211,0.151,7.4,15.2,11.2,8.1,2.5,1.0,7.4
Matthew Dellavedova,681,41,11.2,0.4,0.031,0.4,0.0,-5.5,-1.2,-4.4,-0.6,18.1,0.551,0.534,0.216,0.8,9.8,5.2,31.5,0.6,0.1,21.2
DeMar DeRozan,1906,54,18.5,3.4,0.086,1.9,1.5,-0.2,-0.2,0.0,0.9,28.6,0.524,0.042,0.32,2.4,16.6,9.6,27.2,1.4,1.1,11.4
Hamidou Diallo,515,45,10.5,0.8,0.079,0.2,0.7,-4.4,-4.0,-0.4,-0.3,16.6,0.508,0.143,0.366,7.4,11.6,9.4,4.4,1.8,1.6,11.0
Gorgui Dieng,762,57,16.8,2.2,0.139,1.2,1.0,0.6,-1.0,1.6,0.5,17.3,0.57,0.167,0.263,8.2,24.8,16.4,9.5,2.0,3.3,11.1
Spencer Dinwiddie,1399,49,17.5,4.0,0.136,3.2,0.8,0.2,2.8,-2.6,0.8,24.7,0.598,0.44,0.418,1.6,7.7,4.6,27.9,1.0,0.6,13.9
Luka Doncic,1772,55,19.2,4.3,0.118,2.2,2.2,3.8,2.9,0.9,2.6,29.1,0.553,0.439,0.398,3.8,19.9,12.0,29.4,1.6,0.7,14.7
Damyean Dotson,1212,49,11.1,1.2,0.047,0.6,0.6,-2.0,-0.9,-1.1,0.0,16.5,0.524,0.456,0.154,2.3,12.8,7.3,8.7,1.7,0.4,7.6
Andre Drummond,1748,53,22.4,5.7,0.156,1.9,3.8,1.6,-1.6,3.2,1.6,23.7,0.544,0.045,0.357,16.3,33.9,24.7,6.2,2.4,4.4,12.7
Jared Dudley,944,43,7.1,1.0,0.048,0.2,0.8,-1.2,-2.0,0.8,0.2,10.8,0.523,0.637,0.184,2.8,10.8,6.8,9.2,1.4,1.1,15.3
Kris Dunn,970,31,12.4,0.4,0.021,-0.5,0.9,-2.0,-2.5,0.5,0.0,20.4,0.487,0.16,0.146,1.0,13.7,7.4,31.7,2.3,1.4,17.5
Kevin Durant,2017,57,25.1,8.8,0.21,6.7,2.1,4.6,4.5,0.1,3.4,30.2,0.629,0.266,0.375,1.7,18.8,10.6,26.1,1.1,2.6,12.3
Joel Embiid,1822,54,25.5,7.3,0.192,4.1,3.1,3.3,1.4,1.9,2.4,33.2,0.593,0.217,0.545,8.2,33.9,21.5,17.5,0.8,4.5,13.5
James Ennis,988,43,11.1,2.0,0.099,1.4,0.6,-0.6,-0.1,-0.5,0.3,11.8,0.61,0.568,0.261,4.1,9.9,6.9,4.5,1.9,1.4,8.5
Tyreke Evans,1039,51,12.1,0.6,0.029,-1.0,1.6,-2.8,-2.6,-0.2,-0.2,26.5,0.49,0.346,0.228,2.9,11.9,7.5,17.4,2.3,1.0,14.1
Dante Exum,637,39,12.7,1.2,0.088,0.5,0.7,-3.0,-1.7,-1.3,-0.2,21.4,0.53,0.252,0.368,2.6,8.5,5.6,25.4,1.1,0.6,14.5
Derrick Favors,1292,56,20.5,5.3,0.196,2.9,2.4,3.7,0.6,3.1,1.9,18.8,0.608,0.143,0.385,12.5,20.8,16.7,7.3,1.6,4.7,10.4
Terrance Ferguson,1198,49,6.9,2.0,0.079,0.8,1.1,-1.9,-1.4,-0.5,0.0,10.8,0.566,0.638,0.092,2.0,5.8,3.8,4.1,1.1,0.8,8.1
Yogi Ferrell,708,47,14.1,1.7,0.113,1.2,0.5,-1.4,0.2,-1.6,0.1,15.9,0.561,0.419,0.175,1.4,9.6,5.5,18.2,1.6,0.5,7.7
Dorian Finney-Smith,1440,57,11.5,2.8,0.094,1.2,1.7,0.8,-0.6,1.4,1.0,13.5,0.56,0.477,0.208,7.8,12.3,10.1,5.0,1.9,1.6,12.5
Bryn Forbes,1684,59,11.4,2.1,0.061,1.4,0.8,-1.2,0.7,-2.0,0.3,17.9,0.573,0.512,0.101,0.8,10.4,5.6,10.5,1.1,0.1,9.8
Evan Fournier,1825,58,11.9,1.8,0.048,0.2,1.6,-1.7,-0.5,-1.2,0.2,22.4,0.529,0.429,0.162,1.7,8.9,5.3,18.0,1.4,0.4,12.3
De'Aaron Fox,1760,56,17.8,3.8,0.103,2.0,1.7,0.9,0.9,0.0,1.3,24.6,0.548,0.219,0.384,1.9,10.4,6.1,32.6,2.5,1.4,16.2
Tim Frazier,909,47,11.8,1.6,0.083,1.1,0.4,-1.9,-0.5,-1.4,0.0,12.5,0.552,0.395,0.21,3.8,11.8,7.9,28.2,1.3,0.4,22.0
Danilo Gallinari,1472,48,19.7,5.4,0.177,4.3,1.2,2.6,3.8,-1.2,1.7,22.6,0.626,0.439,0.44,3.1,17.3,10.4,12.3,1.1,0.8,8.5
Langston Galloway,1149,54,9.6,1.8,0.074,0.8,1.0,-1.7,-0.6,-1.1,0.1,16.0,0.505,0.657,0.147,3.0,9.0,5.9,7.4,1.1,0.4,4.2
Marc Gasol,1848,56,17.3,4.2,0.109,1.1,3.1,3.0,-0.3,3.3,2.3,22.6,0.541,0.314,0.296,3.6,26.1,14.6,22.7,1.8,3.4,13.4
Rudy Gay,1311,48,18.3,3.4,0.124,2.0,1.4,1.6,1.0,0.6,1.2,22.1,0.6,0.232,0.187,3.8,22.2,13.0,14.6,1.5,1.9,12.3
Paul George,2034,56,24.9,9.7,0.23,6.1,3.7,6.4,5.6,0.8,4.3,29.8,0.598,0.459,0.336,4.0,19.0,11.4,18.0,2.9,1.1,9.9
Taj Gibson,1402,56,16.8,4.1,0.14,2.8,1.3,1.0,0.5,0.5,1.1,16.1,0.608,0.078,0.31,10.3,17.7,13.9,6.7,1.5,2.0,11.0
Harry Giles,567,44,13.3,0.5,0.046,-0.2,0.7,-2.7,-3.6,0.9,-0.1,23.1,0.519,0.021,0.271,7.7,19.4,13.5,14.3,2.1,2.1,16.7
Shai Gilgeous-Alexander,1524,59,12.4,1.7,0.054,0.5,1.2,-1.0,-1.2,0.2,0.4,18.3,0.544,0.186,0.274,3.0,8.0,5.6,16.7,2.0,1.7,16.5
Rudy Gobert,1800,57,24.5,10.0,0.266,6.0,3.9,7.4,2.0,5.4,4.3,17.4,0.676,0.0,0.703,13.1,31.3,22.2,11.0,1.4,5.5,12.3
Aaron Gordon,1841,55,15.1,3.4,0.09,1.2,2.2,0.8,-0.1,1.0,1.3,21.8,0.536,0.334,0.256,5.3,18.4,11.7,16.3,1.1,1.6,11.9
Eric Gordon,1458,45,11.1,0.8,0.026,0.5,0.3,-4.5,-1.1,-3.4,-0.9,22.8,0.516,0.59,0.181,1.1,8.0,4.4,10.1,0.8,1.2,8.5
Marcin Gortat,751,47,13.0,1.4,0.09,0.6,0.8,-0.9,-2.3,1.4,0.2,14.5,0.562,0.0,0.258,9.9,26.6,18.5,12.1,0.4,2.5,19.4
Jerami Grant,1774,55,14.1,5.2,0.142,2.8,2.5,0.7,-0.7,1.4,1.2,14.7,0.604,0.323,0.312,3.3,13.2,8.2,3.9,1.3,3.5,7.3
Jerian Grant,792,48,10.0,1.1,0.065,0.2,0.9,-2.4,-2.4,0.0,-0.1,13.3,0.5,0.492,0.177,2.1,9.1,5.6,22.7,2.4,0.4,18.7
Danny Green,1637,57,11.8,3.8,0.111,1.8,2.0,2.4,1.1,1.3,1.8,13.5,0.6,0.671,0.068,3.2,12.1,7.8,6.5,1.5,2.1,10.0
Draymond Green,1308,42,13.1,2.7,0.098,0.7,2.0,2.1,-1.4,3.5,1.4,13.2,0.499,0.38,0.214,3.5,21.8,13.1,28.4,2.4,2.9,26.7
Gerald Green,1131,53,11.9,1.5,0.066,1.2,0.4,-3.4,-0.2,-3.3,-0.4,18.8,0.572,0.762,0.113,2.3,12.0,7.0,4.1,0.8,1.6,7.7
JaMychal Green,960,44,15.2,2.1,0.103,0.5,1.5,-1.1,-1.9,0.8,0.2,20.1,0.59,0.321,0.247,8.7,23.5,16.0,6.4,1.8,2.8,15.5
Jeff Green,1559,56,14.0,2.9,0.089,2.3,0.6,-0.9,0.5,-1.4,0.4,17.7,0.612,0.462,0.277,3.5,14.5,8.9,10.3,0.8,1.6,11.6
Blake Griffin,1959,54,21.7,6.4,0.157,4.1,2.3,5.5,4.7,0.8,3.7,30.4,0.596,0.366,0.426,4.0,20.9,12.1,27.0,1.0,1.0,14.5
Tim Hardaway,1642,51,14.3,1.7,0.051,1.2,0.6,-2.0,1.0,-2.9,0.0,25.7,0.529,0.47,0.307,1.8,9.8,5.7,13.1,1.3,0.4,8.8
James Harden,2019,54,30.8,10.5,0.249,8.3,2.2,11.8,11.2,0.6,7.0,40.3,0.622,0.557,0.471,2.8,17.7,10.0,40.2,2.8,1.7,15.4
Maurice Harkless,791,37,10.4,1.3,0.081,0.3,1.0,0.5,-1.6,2.0,0.5,12.7,0.523,0.35,0.162,5.4,13.3,9.4,4.7,2.0,3.2,11.0
Montrezl Harrell,1556,59,23.5,6.5,0.2,4.6,1.9,4.6,2.8,1.8,2.6,22.4,0.636,0.015,0.484,9.9,16.9,13.5,11.3,1.7,4.2,10.2
Devin Harris,673,45,11.5,1.2,0.083,0.4,0.7,-1.5,-1.0,-0.5,0.1,18.7,0.545,0.576,0.362,1.1,9.4,5.4,13.4,2.0,1.2,11.9
Gary Harris,956,32,13.8,1.8,0.088,1.0,0.8,-1.5,0.0,-1.5,0.1,21.8,0.526,0.389,0.225,2.5,8.6,5.5,13.0,1.6,1.3,8.0
Joe Harris,1626,54,13.8,3.9,0.116,2.9,1.0,0.8,1.8,-1.1,1.1,17.2,0.645,0.516,0.155,2.3,10.7,6.5,13.1,0.8,0.4,12.8
Tobias Harris,2034,59,18.5,5.7,0.134,3.8,1.9,1.3,1.9,-0.5,1.7,23.4,0.606,0.307,0.251,2.2,21.3,12.1,12.9,1.0,1.0,10.0
Shaquille Harrison,842,49,10.9,0.5,0.029,-0.5,1.0,-1.9,-3.7,1.8,0.0,16.3,0.462,0.26,0.318,2.1,14.4,8.2,14.0,3.3,1.9,11.8
Josh Hart,1425,54,9.8,1.9,0.063,0.2,1.6,-0.4,-1.5,1.1,0.6,14.1,0.528,0.595,0.179,2.2,12.9,7.7,7.4,1.8,1.9,10.9
Gordon Hayward,1379,53,15.1,3.5,0.123,1.7,1.9,0.6,0.1,0.6,0.9,19.2,0.554,0.397,0.267,3.3,15.6,9.5,18.7,1.8,1.0,13.0
Juan Hernangomez,1217,54,12.3,3.0,0.117,1.8,1.1,-0.3,0.1,-0.4,0.5,12.6,0.603,0.566,0.279,5.5,16.4,11.0,4.9,1.0,1.6,9.2
Willy Hernangomez,617,45,20.4,2.0,0.153,1.3,0.7,-0.8,-0.1,-0.8,0.2,22.8,0.582,0.129,0.476,15.6,28.0,21.7,10.4,0.9,2.1,13.8
Mario Hezonja,916,48,9.7,-0.3,-0.014,-1.1,0.8,-4.8,-4.1,-0.6,-0.6,20.5,0.474,0.337,0.218,2.3,18.6,10.1,8.3,2.4,0.6,12.6
Buddy Hield,1801,57,17.6,4.2,0.112,3.2,1.0,1.0,3.2,-2.2,1.4,24.7,0.604,0.475,0.134,4.2,12.7,8.4,11.2,0.7,1.0,10.0
George Hill,1012,45,11.9,2.1,0.102,1.1,1.0,-0.7,-0.6,-0.2,0.3,14.4,0.553,0.397,0.206,3.2,8.1,5.8,13.9,2.0,0.6,11.2
Solomon Hill,712,35,6.8,0.5,0.033,0.2,0.3,-1.9,-1.8,-0.1,0.0,9.5,0.493,0.543,0.209,4.5,11.2,7.9,7.4,1.2,0.9,14.0
Jrue Holiday,2145,59,19.5,5.1,0.113,3.4,1.6,2.9,2.9,0.0,2.7,25.4,0.552,0.303,0.241,3.5,10.9,7.3,32.2,2.1,2.0,14.3
Justin Holiday,1923,59,9.7,1.1,0.029,-0.7,1.9,-0.8,-1.5,0.8,0.6,15.8,0.507,0.619,0.128,1.6,12.6,7.1,9.2,2.2,1.3,11.6
Rondae Hollis-Jefferson,1075,48,12.0,1.0,0.044,-0.2,1.2,-3.3,-4.1,0.8,-0.4,20.9,0.466,0.109,0.382,6.5,19.2,12.9,11.1,1.5,1.7,10.1
Richaun Holmes,874,53,21.7,3.4,0.186,2.6,0.8,2.2,0.6,1.7,0.9,17.6,0.672,0.0,0.489,11.0,20.0,15.4,8.0,1.6,5.8,10.9
Rodney Hood,1326,49,13.3,1.9,0.069,1.8,0.1,-2.4,0.2,-2.6,-0.1,18.6,0.554,0.343,0.241,1.4,8.6,4.9,11.0,1.5,0.3,6.4
Al Horford,1370,48,19.7,5.1,0.18,2.9,2.2,5.1,1.9,3.2,2.5,18.5,0.598,0.305,0.102,7.1,18.4,12.7,20.4,1.5,4.5,12.9
Kevin Huerter,1473,54,9.8,0.9,0.03,0.4,0.5,-2.1,-1.1,-1.0,0.0,15.2,0.54,0.551,0.102,2.9,9.9,6.3,14.4,1.5,1.1,15.7
Chandler Hutchison,895,44,8.8,0.6,0.033,0.0,0.6,-4.2,-4.0,-0.2,-0.5,12.3,0.507,0.239,0.182,3.8,18.8,11.3,5.4,1.2,0.6,10.0
Serge Ibaka,1584,55,18.4,4.6,0.14,2.3,2.3,0.9,-0.3,1.1,1.1,22.9,0.581,0.195,0.21,8.0,21.7,15.0,8.4,0.8,3.7,11.2
Andre Iguodala,1176,50,13.8,3.3,0.136,2.0,1.3,2.3,0.7,1.6,1.3,10.4,0.6,0.478,0.235,3.3,13.9,8.9,17.1,1.8,2.8,12.9
Ersan Ilyasova,797,45,11.4,2.0,0.119,0.6,1.4,-0.9,-1.5,0.6,0.2,15.9,0.539,0.417,0.162,8.7,16.7,12.9,6.6,1.5,1.2,12.0
Joe Ingles,1772,57,12.4,3.5,0.094,1.0,2.4,1.2,0.2,1.0,1.4,17.4,0.564,0.574,0.171,1.1,12.1,6.7,23.2,2.0,0.6,17.8
Brandon Ingram,1538,46,12.5,1.3,0.042,0.1,1.3,-3.2,-2.7,-0.5,-0.5,22.7,0.538,0.124,0.387,2.4,12.2,7.4,13.1,0.8,1.4,13.6
Kyrie Irving,1526,47,25.2,6.9,0.218,4.7,2.2,6.9,6.6,0.3,3.4,29.5,0.603,0.345,0.204,3.8,12.1,8.0,35.8,2.4,1.2,12.1
Jonathan Isaac,1379,53,12.7,2.5,0.087,0.4,2.1,0.0,-2.4,2.4,0.7,16.2,0.53,0.4,0.246,5.0,17.2,11.0,5.6,1.6,4.3,11.0
Wesley Iwundu,768,45,8.8,1.1,0.066,0.2,0.8,-3.0,-3.6,0.6,-0.2,14.0,0.531,0.273,0.415,3.2,12.4,7.7,6.8,1.3,1.7,12.2
Frank Jackson,669,44,8.6,0.2,0.016,0.0,0.2,-5.2,-2.3,-2.9,-0.5,17.6,0.513,0.382,0.168,2.2,8.7,5.6,8.4,1.0,0.1,9.9
Jaren Jackson,1515,58,16.6,3.5,0.11,1.2,2.3,0.3,-1.3,1.6,0.9,23.2,0.591,0.241,0.334,5.4,15.3,10.2,7.4,1.7,5.2,12.7
Josh Jackson,1426,59,10.7,-1.4,-0.047,-2.3,0.9,-4.7,-4.4,-0.3,-1.0,24.6,0.488,0.255,0.263,3.9,16.0,9.8,15.0,2.0,2.3,17.2
Justin Jackson,1115,56,10.2,1.7,0.074,1.0,0.7,-1.6,-0.9,-0.8,0.1,13.2,0.545,0.534,0.168,2.3,11.5,6.8,8.1,1.0,1.0,6.5
Reggie Jackson,1629,56,14.3,3.5,0.104,2.2,1.4,-0.3,1.4,-1.7,0.7,22.8,0.544,0.457,0.238,2.2,8.3,5.1,24.4,1.1,0.3,11.6
LeBron James,1363,39,25.7,5.4,0.191,3.5,1.9,7.7,5.8,1.9,3.3,30.7,0.597,0.305,0.388,2.9,22.0,12.7,36.1,1.8,1.5,13.4
Jonas Jerebko,972,53,13.8,2.8,0.137,1.9,0.9,0.3,1.3,-1.0,0.6,14.8,0.604,0.54,0.226,7.1,19.5,13.6,10.6,0.8,0.9,10.4
James Johnson,847,40,10.9,1.1,0.061,0.0,1.1,-1.7,-2.5,0.8,0.1,18.2,0.517,0.376,0.157,2.0,14.2,8.1,16.8,1.6,1.9,15.0
Stanley Johnson,993,51,9.5,0.6,0.03,-0.8,1.5,-2.3,-3.3,1.0,-0.1,18.9,0.475,0.515,0.141,2.9,17.6,10.0,9.2,2.5,1.1,12.7
Tyler Johnson,1209,47,11.7,1.7,0.066,0.4,1.3,-1.2,-1.0,-0.3,0.3,18.9,0.526,0.507,0.21,2.0,9.5,5.8,15.0,1.8,1.5,12.5
Nikola Jokic,1767,56,27.0,8.7,0.236,5.9,2.8,9.7,6.3,3.4,5.2,27.7,0.591,0.236,0.304,9.7,27.2,18.4,38.4,2.2,1.8,15.6
Derrick Jones,668,37,16.6,2.1,0.151,1.0,1.1,0.8,-0.5,1.3,0.5,16.6,0.578,0.256,0.36,10.7,15.1,12.9,4.1,2.2,3.4,9.6
Tyus Jones,873,43,12.6,1.5,0.081,0.8,0.7,-1.9,-1.1,-0.9,0.0,13.5,0.461,0.312,0.16,1.6,7.3,4.4,26.0,3.0,0.3,9.6
DeAndre Jordan,1736,57,18.6,6.3,0.175,3.4,2.9,2.6,-0.9,3.5,2.1,14.5,0.676,0.0,0.608,11.6,35.2,23.6,10.0,1.0,3.0,20.9
Cory Joseph,1493,58,11.8,3.1,0.1,0.8,2.3,0.2,-1.3,1.5,0.8,14.0,0.507,0.335,0.08,2.0,13.6,8.0,20.5,2.1,0.7,13.2
Enes Kanter,1128,44,21.9,3.4,0.146,2.5,0.9,1.1,1.2,-0.1,0.9,22.7,0.585,0.047,0.276,15.3,28.0,21.4,12.9,0.8,1.3,13.1
Luke Kennard,794,38,10.5,1.0,0.063,0.3,0.8,-2.5,-1.8,-0.7,-0.1,18.0,0.527,0.503,0.122,1.1,14.2,7.4,11.1,0.9,0.7,9.3
Michael Kidd-Gilchrist,984,50,14.0,2.2,0.109,1.3,0.9,-0.9,-1.3,0.4,0.3,16.4,0.552,0.132,0.394,8.7,14.5,11.5,6.9,1.3,3.2,10.1
Maxi Kleber,1027,52,13.4,2.5,0.118,1.1,1.4,1.8,-0.7,2.5,1.0,13.9,0.576,0.577,0.19,6.6,15.2,11.0,5.7,1.3,5.0,11.1
Kevin Knox,1437,51,8.2,-1.1,-0.038,-1.6,0.5,-6.3,-3.8,-2.6,-1.6,22.3,0.467,0.406,0.225,2.9,13.3,7.9,5.2,0.9,0.9,10.1
Furkan Korkmaz,654,46,11.7,1.1,0.083,0.4,0.7,-1.9,-0.6,-1.3,0.0,17.8,0.533,0.594,0.179,2.7,14.2,8.6,10.9,2.0,0.2,9.0
Kyle Korver,954,51,12.0,1.7,0.088,1.0,0.7,-1.6,0.3,-1.9,0.1,18.2,0.613,0.704,0.171,0.7,12.2,6.4,8.1,0.8,0.8,10.9
Rodions Kurucs,856,41,11.1,1.0,0.059,0.3,0.8,-3.0,-2.2,-0.8,-0.2,18.4,0.55,0.365,0.189,4.9,13.7,9.3,5.3,1.3,1.1,12.6
Kyle Kuzma,1732,53,15.0,2.8,0.078,1.3,1.5,-1.3,0.1,-1.4,0.3,24.2,0.56,0.395,0.222,2.8,14.5,8.8,10.8,0.9,0.9,10.5
Jeremy Lamb,1544,54,16.5,3.4,0.107,2.1,1.4,-0.6,0.4,-1.0,0.5,22.4,0.544,0.322,0.249,3.3,17.9,10.5,11.1,1.7,0.9,6.5
Zach LaVine,1733,51,18.3,2.2,0.061,1.2,1.0,-0.2,1.4,-1.6,0.8,30.4,0.568,0.279,0.322,1.8,12.7,7.2,22.7,1.3,1.0,14.0
Jake Layman,840,46,15.8,2.4,0.138,1.7,0.7,0.9,1.6,-0.7,0.6,16.2,0.636,0.444,0.134,4.7,12.0,8.4,5.7,1.3,1.7,8.4
Alex Len,1031,54,16.3,1.6,0.076,0.9,0.8,-2.1,-1.5,-0.5,0.0,22.6,0.555,0.234,0.366,11.9,19.8,15.8,8.3,0.9,4.2,14.0
Kawhi Leonard,1495,43,26.1,7.2,0.23,4.8,2.4,5.3,4.5,0.8,2.8,29.8,0.607,0.262,0.409,4.3,19.3,11.9,15.7,2.6,1.0,8.6
Meyers Leonard,753,52,16.2,2.6,0.166,1.8,0.8,1.7,1.8,-0.1,0.7,15.1,0.676,0.472,0.208,5.9,22.2,14.2,11.8,0.8,1.0,13.8
Damian Lillard,1977,56,23.9,8.2,0.198,6.5,1.7,5.3,6.3,-1.1,3.6,30.1,0.592,0.402,0.347,2.4,10.9,6.7,29.2,1.6,1.1,11.2
Jeremy Lin,1028,52,15.9,2.0,0.091,1.5,0.5,-2.2,0.2,-2.4,-0.1,22.5,0.592,0.344,0.433,1.6,11.4,6.4,27.2,1.8,0.7,17.8
Shaun Livingston,690,45,12.5,1.5,0.105,0.9,0.6,-1.2,-1.8,0.6,0.1,13.0,0.536,0.012,0.261,5.0,8.7,6.9,15.5,1.7,2.8,12.4
Kevon Looney,1184,57,17.0,4.6,0.188,3.3,1.3,3.8,1.9,1.9,1.7,12.2,0.625,0.038,0.326,14.0,16.2,15.2,11.1,1.4,3.3,11.2
Brook Lopez,1588,57,14.1,4.5,0.135,1.5,3.0,2.5,-0.1,2.6,1.8,16.8,0.599,0.679,0.13,1.5,13.5,7.8,5.3,0.9,6.4,9.0
Robin Lopez,889,50,13.5,0.9,0.049,0.4,0.5,-2.3,-2.7,0.4,-0.1,18.4,0.581,0.071,0.216,8.6,10.1,9.3,8.2,0.5,4.7,17.2
Kyle Lowry,1615,47,16.9,5.0,0.148,3.0,2.0,3.0,2.8,0.2,2.0,19.3,0.559,0.605,0.271,2.0,11.8,7.0,36.5,1.9,1.3,17.7
Trey Lyles,1024,55,13.2,1.2,0.055,0.0,1.2,-3.3,-2.3,-1.0,-0.3,23.5,0.503,0.397,0.237,4.4,19.5,11.9,10.8,1.3,2.0,10.8
Shelvin Mack,1228,55,11.0,1.1,0.044,0.0,1.2,-3.7,-2.4,-1.4,-0.5,18.3,0.494,0.323,0.207,1.6,8.2,4.8,23.4,1.9,0.3,12.7
Lauri Markkanen,1131,35,17.1,1.9,0.082,0.8,1.1,-1.7,-0.3,-1.3,0.1,24.6,0.562,0.437,0.215,4.2,25.4,14.8,6.6,1.2,1.9,9.0
Wesley Matthews,1427,48,10.8,2.0,0.069,1.0,1.0,-1.4,-0.2,-1.2,0.2,18.5,0.542,0.56,0.238,1.7,6.8,4.3,11.6,1.2,0.8,9.9
CJ McCollum,1903,56,16.7,4.1,0.102,2.7,1.3,-0.3,1.7,-1.9,0.8,25.9,0.547,0.349,0.154,2.8,9.5,6.2,13.0,1.2,0.8,7.5
T.J. McConnell,1076,52,14.2,2.6,0.116,1.3,1.3,-0.7,-0.9,0.2,0.4,14.2,0.588,0.12,0.092,2.1,9.4,5.8,26.0,2.8,1.0,18.8
Doug McDermott,918,53,10.4,2.0,0.102,1.1,0.9,-2.1,-0.3,-1.8,0.0,15.3,0.606,0.558,0.201,1.2,7.2,4.3,6.5,0.6,0.6,8.7
JaVale McGee,1083,50,20.8,3.5,0.157,1.7,1.9,1.4,-1.4,2.8,0.9,20.0,0.616,0.02,0.256,11.7,20.7,16.3,5.0,1.3,7.2,13.7
Rodney McGruder,1290,51,9.0,1.4,0.052,0.2,1.3,-2.2,-1.9,-0.3,-0.1,15.9,0.507,0.48,0.133,3.6,12.1,7.9,11.1,1.1,0.5,12.3
Alfonzo McKinnie,678,48,11.2,1.3,0.094,0.8,0.5,-3.1,-0.8,-2.3,-0.2,14.6,0.563,0.408,0.158,10.1,16.4,13.4,3.6,0.7,1.2,9.5
De'Anthony Melton,675,33,9.6,-0.2,-0.012,-0.8,0.6,-2.4,-3.7,1.2,-0.1,16.3,0.45,0.399,0.093,2.6,11.9,7.2,22.7,3.6,2.1,21.5
Khris Middleton,1679,54,15.7,4.3,0.123,1.6,2.7,0.6,0.3,0.3,1.1,23.8,0.556,0.428,0.224,1.8,16.7,9.7,19.2,1.6,0.3,12.6
C.J. Miles,630,43,8.8,0.6,0.042,-0.1,0.7,-3.5,-1.9,-1.5,-0.2,19.0,0.496,0.647,0.196,2.1,10.9,6.6,6.4,1.4,1.3,8.3
Darius Miller,1373,54,8.3,1.4,0.047,0.9,0.5,-1.2,0.2,-1.4,0.3,13.0,0.553,0.768,0.116,0.7,6.6,3.7,9.0,1.2,1.3,9.5
Patty Mills,1404,59,14.0,2.8,0.096,2.1,0.8,0.1,2.0,-1.9,0.7,17.9,0.588,0.589,0.174,1.5,9.2,5.4,17.9,1.4,0.5,11.8
Paul Millsap,1181,46,18.6,3.9,0.158,2.1,1.8,2.3,0.5,1.8,1.3,20.0,0.57,0.215,0.378,8.7,19.7,14.2,10.4,2.4,3.0,10.8
Nikola Mirotic,925,32,17.8,2.6,0.133,1.7,0.9,-0.1,1.7,-1.8,0.5,21.9,0.591,0.568,0.248,5.3,24.1,14.9,5.4,1.1,2.2,7.6
Donovan Mitchell,1765,53,15.9,2.4,0.064,-0.1,2.5,-0.4,-0.1,-0.2,0.7,31.5,0.516,0.343,0.247,2.3,10.5,6.4,20.8,2.2,0.8,11.2
Malik Monk,997,54,12.9,0.5,0.026,0.0,0.6,-3.5,-0.4,-3.1,-0.4,25.8,0.526,0.54,0.18,1.2,9.3,5.2,15.2,1.4,1.2,11.7
E'Twaun Moore,1353,47,11.6,1.6,0.057,1.2,0.4,-1.9,0.1,-2.0,0.0,17.3,0.57,0.319,0.103,2.7,6.2,4.5,9.6,1.2,0.5,9.8
Marcus Morris,1467,53,15.7,4.1,0.134,2.2,1.9,-0.4,0.5,-0.9,0.6,20.8,0.602,0.456,0.193,3.6,19.9,11.7,7.5,1.1,1.0,9.6
Markieff Morris,883,34,12.3,0.9,0.05,0.4,0.5,-2.1,-1.1,-1.0,0.0,19.7,0.543,0.439,0.223,5.0,16.9,10.8,9.7,1.3,1.9,11.5
Monte Morris,1424,57,16.8,4.7,0.158,3.5,1.2,0.5,2.0,-1.5,0.9,17.0,0.58,0.316,0.108,1.9,9.7,5.8,22.2,1.8,0.1,6.2
Emmanuel Mudiay,1036,39,15.8,0.9,0.043,0.5,0.4,-1.6,0.4,-1.9,0.1,25.4,0.533,0.275,0.259,2.4,10.0,6.1,25.0,1.4,1.1,13.4
Jamal Murray,1707,51,15.0,2.8,0.079,1.5,1.3,-1.0,0.4,-1.5,0.4,25.2,0.527,0.333,0.188,3.0,10.9,6.9,22.0,1.2,1.0,12.1
Mike Muscala,1054,48,10.5,2.0,0.089,1.0,1.0,-0.5,-0.1,-0.4,0.4,14.4,0.56,0.716,0.27,5.4,14.8,10.3,8.1,0.8,2.0,11.9
Larry Nance,1257,48,18.6,3.4,0.131,2.3,1.1,3.8,1.1,2.7,1.8,15.5,0.574,0.167,0.299,10.4,25.4,17.5,17.5,2.6,2.3,14.6
Shabazz Napier,849,47,16.1,1.9,0.105,1.0,0.8,-0.4,0.8,-1.1,0.3,24.0,0.54,0.5,0.349,1.8,9.3,5.5,22.1,2.2,1.4,11.8
Nerlens Noel,764,53,20.0,3.4,0.212,1.4,1.9,4.3,-1.5,5.8,1.2,13.7,0.602,0.0,0.246,12.6,21.5,17.0,5.5,3.2,7.8,12.5
Frank Ntilikina,872,41,6.2,-0.8,-0.043,-1.2,0.4,-5.2,-4.2,-1.0,-0.7,16.6,0.419,0.4,0.102,1.2,9.0,4.9,19.3,1.7,1.4,15.8
Jusuf Nurkic,1529,56,22.8,5.7,0.18,3.1,2.6,5.1,1.2,3.8,2.7,24.4,0.559,0.04,0.436,13.6,25.8,19.8,17.7,1.8,4.5,14.4
Royce O'Neale,1068,57,10.1,2.3,0.102,0.7,1.6,0.3,-1.8,2.2,0.6,11.7,0.614,0.471,0.159,1.9,17.5,9.7,9.9,1.7,1.2,16.8
Jahlil Okafor,570,38,19.8,1.8,0.149,1.2,0.5,-1.3,-0.5,-0.7,0.1,19.8,0.622,0.005,0.257,11.6,21.4,16.6,5.5,0.9,3.6,11.0
Elie Okobo,775,41,7.0,-0.6,-0.036,-0.7,0.2,-6.2,-4.1,-2.2,-0.8,17.1,0.471,0.443,0.148,1.1,10.8,5.9,19.6,1.5,0.5,18.2
Josh Okogie,1112,49,8.2,0.4,0.016,-0.5,0.9,-2.9,-2.8,-0.1,-0.2,16.7,0.471,0.434,0.306,2.8,11.6,7.1,6.9,2.1,1.4,11.1
Victor Oladipo,1147,36,17.8,2.6,0.108,0.5,2.1,2.4,1.2,1.2,1.3,27.9,0.519,0.367,0.24,2.1,17.2,9.8,24.9,2.6,0.9,11.2
Kelly Olynyk,1077,53,14.3,2.7,0.119,1.2,1.4,0.9,0.4,0.5,0.8,18.8,0.602,0.623,0.342,4.8,18.0,11.4,12.5,1.4,1.7,16.4
Cedi Osman,1633,52,10.8,0.5,0.014,0.3,0.2,-2.8,-1.1,-1.7,-0.3,18.9,0.53,0.436,0.231,1.9,15.1,8.2,11.1,1.2,0.5,12.1
Kelly Oubre,1540,57,14.6,1.7,0.053,0.7,1.0,-2.5,-1.1,-1.3,-0.2,22.6,0.548,0.417,0.295,3.9,14.9,9.3,6.5,1.8,2.6,9.4
Zaza Pachulia,665,46,15.4,2.1,0.153,1.1,1.1,2.0,-1.2,3.2,0.7,14.8,0.55,0.027,0.685,13.4,21.4,17.3,14.0,2.1,1.9,17.4
Jabari Parker,1154,43,14.8,0.8,0.033,-0.1,0.9,-2.5,-1.9,-0.6,-0.1,24.7,0.545,0.25,0.237,4.2,21.6,12.8,14.9,1.2,1.3,14.5
Tony Parker,837,46,15.5,1.0,0.055,0.7,0.3,-5.2,-1.3,-3.9,-0.7,25.3,0.509,0.104,0.29,1.4,7.3,4.3,33.9,1.0,0.5,12.2
Patrick Patterson,839,57,8.5,1.2,0.071,0.3,0.9,-3.3,-2.7,-0.6,-0.3,12.2,0.497,0.627,0.138,5.0,12.6,8.8,4.6,0.9,1.3,8.4
Chris Paul,1106,34,19.0,3.4,0.148,2.4,1.0,1.9,2.5,-0.6,1.1,22.4,0.556,0.481,0.31,1.9,12.8,7.2,38.3,3.2,0.7,16.5
Cameron Payne,712,40,11.6,0.5,0.033,0.1,0.4,-3.4,-2.0,-1.4,-0.3,17.6,0.519,0.377,0.184,2.0,9.2,5.5,22.2,1.9,1.1,15.7
Mason Plumlee,1176,57,18.6,4.0,0.164,2.2,1.9,4.1,0.5,3.5,1.8,16.9,0.618,0.019,0.469,11.0,20.8,15.9,18.0,2.1,4.0,19.3
Jakob Poeltl,814,55,18.7,3.0,0.176,2.2,0.8,3.2,1.6,1.5,1.1,14.1,0.64,0.0,0.354,15.5,19.6,17.5,11.6,0.8,3.6,14.9
Otto Porter,1330,45,15.9,2.6,0.094,1.4,1.2,0.4,0.3,0.1,0.8,18.7,0.571,0.39,0.146,3.9,17.4,10.5,9.9,2.4,1.5,8.3
Dwight Powell,927,53,19.5,3.9,0.203,2.7,1.2,2.8,1.6,1.2,1.1,18.0,0.658,0.261,0.534,8.5,18.2,13.5,9.2,1.4,2.8,10.7
Norman Powell,695,37,13.4,1.6,0.11,0.8,0.8,-0.5,0.1,-0.6,0.3,18.3,0.582,0.436,0.218,1.4,9.6,5.6,12.2,1.7,0.9,10.7
Julius Randle,1536,52,21.7,4.9,0.153,3.5,1.4,1.8,1.9,-0.2,1.5,26.7,0.614,0.153,0.478,7.7,24.3,16.2,15.4,1.0,1.8,13.8
J.J. Redick,1683,54,15.6,4.3,0.124,3.5,0.8,-0.6,2.9,-3.5,0.6,22.4,0.611,0.574,0.245,1.1,6.4,3.8,13.6,0.6,0.5,8.7
Josh Richardson,1872,54,14.5,4.3,0.111,2.4,1.9,0.7,1.3,-0.6,1.3,22.0,0.546,0.447,0.232,2.2,8.7,5.5,17.7,1.5,1.2,10.0
Austin Rivers,1481,53,8.0,0.7,0.021,0.3,0.3,-3.7,-1.7,-1.9,-0.6,14.9,0.505,0.577,0.174,1.5,8.3,4.8,12.7,1.0,1.0,10.7
Mitchell Robinson,750,42,21.0,3.1,0.199,2.1,1.1,6.1,0.8,5.3,1.5,11.9,0.679,0.0,0.41,13.3,14.2,13.8,4.7,1.9,10.1,9.5
Derrick Rose,1169,41,19.5,2.9,0.118,2.5,0.4,0.0,2.7,-2.7,0.6,26.4,0.559,0.216,0.212,2.4,8.1,5.2,27.7,1.1,0.8,9.2
Terrence Ross,1550,59,15.2,2.8,0.087,1.1,1.7,-0.6,0.7,-1.3,0.6,23.6,0.555,0.512,0.123,1.4,12.3,6.8,9.5,1.6,1.2,6.9
Terry Rozier,1326,57,13.6,2.9,0.105,1.0,1.9,0.2,-0.5,0.7,0.7,18.3,0.503,0.502,0.147,2.1,17.1,9.6,18.8,2.0,1.1,9.0
Ricky Rubio,1437,50,13.3,2.2,0.073,0.2,2.0,-0.2,-0.8,0.6,0.6,23.0,0.519,0.371,0.264,1.7,12.2,7.0,32.0,2.2,0.5,18.8
D'Angelo Russell,1746,58,19.0,3.4,0.094,1.9,1.6,2.4,3.4,-1.0,1.9,30.7,0.535,0.41,0.126,2.0,11.5,6.7,38.9,1.8,0.7,13.5
Domantas Sabonis,1386,56,22.5,6.3,0.217,3.5,2.7,4.1,1.8,2.4,2.2,23.0,0.649,0.027,0.404,11.4,29.7,20.8,17.2,1.3,1.6,16.7
Dario Saric,1391,56,12.8,2.6,0.09,1.6,1.0,-1.0,0.1,-1.1,0.4,17.3,0.56,0.471,0.206,6.6,18.0,12.3,8.7,1.1,0.4,11.3
Tomas Satoransky,1374,56,14.0,3.0,0.106,2.4,0.6,-0.6,0.2,-0.9,0.5,13.9,0.59,0.295,0.283,3.9,10.5,7.2,23.6,1.9,0.6,15.6
Dennis Schroder,1527,54,13.7,2.2,0.069,0.4,1.7,-3.1,-1.6,-1.5,-0.4,25.2,0.518,0.303,0.207,1.5,10.9,6.1,21.1,1.5,0.4,13.2
Mike Scott,818,56,9.1,0.9,0.052,0.2,0.7,-2.4,-1.6,-0.8,-0.1,14.8,0.513,0.576,0.076,3.4,19.3,11.6,7.9,1.1,0.9,9.5
Wayne Selden,865,51,8.3,0.1,0.007,-0.3,0.5,-5.2,-3.2,-2.0,-0.7,18.0,0.514,0.383,0.191,2.8,7.7,5.2,11.5,1.0,0.8,13.5
Collin Sexton,1766,58,10.4,-1.5,-0.04,-1.2,-0.3,-6.4,-2.9,-3.5,-2.0,25.3,0.489,0.193,0.207,2.6,8.9,5.6,15.5,0.8,0.1,12.6
Landry Shamet,1192,57,11.3,2.6,0.104,1.9,0.7,-1.0,1.4,-2.4,0.3,15.1,0.614,0.704,0.167,1.5,5.9,3.8,8.0,1.1,0.5,6.8
Iman Shumpert,1168,45,9.7,1.3,0.052,0.3,1.0,-0.7,-0.9,0.2,0.4,15.0,0.504,0.597,0.112,1.8,10.4,6.0,10.6,2.0,1.5,9.5
Pascal Siakam,1828,58,18.6,6.6,0.174,4.2,2.5,3.5,1.9,1.6,2.5,19.9,0.626,0.211,0.328,5.7,18.1,12.0,13.3,1.5,1.7,12.3
Ben Simmons,1928,57,20.2,6.1,0.152,3.5,2.6,4.1,1.5,2.6,2.9,22.2,0.587,0.004,0.474,7.2,21.0,14.3,35.5,1.8,1.7,20.1
Jonathon Simmons,877,44,7.9,-0.1,-0.005,-0.9,0.8,-5.0,-4.5,-0.5,-0.7,19.0,0.455,0.295,0.257,2.8,9.9,6.3,16.0,1.1,1.3,14.9
Marcus Smart,1540,57,12.8,3.9,0.12,1.6,2.3,1.7,0.5,1.2,1.4,14.4,0.551,0.642,0.233,2.6,8.6,5.6,19.8,3.0,1.3,16.0
Dennis Smith,1126,39,12.5,0.6,0.025,-0.5,1.1,-1.9,-1.5,-0.4,0.0,23.9,0.517,0.328,0.274,2.3,8.7,5.5,25.8,2.2,1.0,18.4
Ish Smith,668,30,8.9,0.4,0.03,-0.2,0.6,-4.1,-3.0,-1.1,-0.3,18.8,0.472,0.364,0.096,0.8,9.5,5.0,20.0,0.9,1.0,11.2
Tony Snell,984,57,11.4,2.7,0.13,1.4,1.3,-0.6,-0.2,-0.4,0.3,13.3,0.6,0.576,0.134,2.3,9.1,5.9,6.6,1.0,1.1,6.1
Omari Spellman,706,41,12.4,1.0,0.07,0.5,0.5,-1.1,-1.0,-0.1,0.2,15.0,0.514,0.537,0.194,9.2,16.4,12.7,7.4,1.6,2.8,10.0
Nik Stauskas,716,46,10.3,0.6,0.043,0.2,0.4,-3.1,-1.3,-1.8,-0.2,17.8,0.535,0.554,0.157,1.7,10.8,6.3,12.2,1.0,0.6,14.0
Lance Stephenson,902,56,12.8,1.1,0.059,0.1,1.0,-1.7,-1.2,-0.6,0.1,21.2,0.543,0.449,0.175,3.1,15.5,9.5,18.0,1.8,0.4,16.0
Jayson Tatum,1807,58,16.1,4.5,0.12,1.8,2.7,-0.3,-0.8,0.5,0.8,22.5,0.557,0.313,0.239,3.4,18.2,10.8,9.0,1.6,2.4,9.1
Jeff Teague,1028,34,15.9,2.2,0.104,1.7,0.6,-1.9,0.4,-2.3,0.0,18.9,0.538,0.254,0.375,1.2,7.8,4.5,37.7,1.7,1.1,16.6
Garrett Temple,1589,52,8.8,1.8,0.054,0.2,1.6,-1.3,-1.8,0.6,0.3,14.1,0.553,0.543,0.201,1.4,10.0,5.6,6.8,1.6,1.6,11.3
Daniel Theis,669,44,18.9,3.1,0.222,2.1,1.0,3.4,2.0,1.4,0.9,16.1,0.661,0.251,0.312,10.4,17.4,13.9,10.9,1.1,3.7,9.6
Klay Thompson,1910,56,16.8,3.7,0.094,2.1,1.6,-1.0,1.0,-2.0,0.5,25.9,0.57,0.411,0.124,1.4,10.7,6.3,9.7,1.6,1.7,7.4
Tristan Thompson,1043,35,18.7,2.4,0.109,1.8,0.5,0.8,0.3,0.4,0.7,17.5,0.547,0.0,0.258,15.7,26.2,20.7,11.4,1.3,1.3,12.0
Anthony Tolliver,591,40,8.1,0.7,0.057,0.3,0.4,-1.9,-1.2,-0.7,0.0,11.2,0.586,0.873,0.222,2.0,14.0,7.9,4.4,1.0,1.8,12.6
Karl-Anthony Towns,1888,57,25.6,8.0,0.203,5.3,2.7,6.9,4.5,2.4,4.2,27.4,0.616,0.275,0.329,10.8,28.4,19.5,16.3,1.4,4.6,13.4
Allonzo Trier,1124,51,11.9,0.6,0.027,0.3,0.4,-3.9,-2.4,-1.6,-0.5,20.5,0.561,0.235,0.407,2.2,12.4,7.1,13.6,0.9,1.1,16.9
P.J. Tucker,2015,57,9.1,2.9,0.069,1.3,1.6,0.4,-0.7,1.2,1.2,9.8,0.531,0.704,0.132,4.9,15.5,10.0,5.0,2.2,1.1,10.7
Evan Turner,1321,56,11.6,1.5,0.055,0.3,1.2,-1.8,-2.5,0.7,0.1,16.4,0.504,0.121,0.224,2.7,17.8,10.4,23.0,1.0,0.9,18.4
Myles Turner,1495,53,18.8,5.0,0.16,1.6,3.4,3.8,-1.2,5.0,2.2,20.2,0.578,0.219,0.23,5.4,21.9,13.8,8.6,1.3,8.7,10.6
Jonas Valanciunas,608,32,24.9,2.8,0.223,1.7,1.1,1.6,1.0,0.6,0.6,26.2,0.637,0.113,0.359,10.3,31.0,20.8,10.5,1.0,3.3,11.6
Fred VanVleet,1369,51,13.3,3.1,0.108,1.7,1.4,0.0,0.7,-0.7,0.7,17.8,0.529,0.495,0.192,1.6,9.2,5.4,23.3,1.6,0.7,11.3
Noah Vonleh,1483,58,13.9,2.8,0.089,1.2,1.6,0.4,-1.6,2.0,0.9,14.5,0.549,0.335,0.348,6.7,27.0,16.5,10.9,1.4,2.7,14.6
Nikola Vucevic,1802,58,25.6,7.1,0.19,3.8,3.3,6.6,3.2,3.4,3.9,27.9,0.577,0.177,0.16,9.1,32.9,20.9,22.5,1.5,3.0,10.1
Dwyane Wade,1169,46,15.4,1.6,0.066,0.3,1.3,-0.6,-0.2,-0.4,0.4,26.7,0.512,0.296,0.257,3.8,11.9,7.9,27.9,1.3,1.6,14.2
Kemba Walker,1962,57,21.4,5.2,0.127,3.7,1.5,3.4,5.0,-1.6,2.7,31.1,0.558,0.454,0.268,1.7,12.1,6.8,28.0,1.8,1.2,10.1
John Wall,1104,32,18.1,1.2,0.051,0.5,0.7,-0.2,1.0,-1.2,0.5,29.0,0.527,0.306,0.317,1.5,10.3,5.8,39.3,2.1,2.2,16.1
Taurean Waller-Prince,1021,37,11.8,0.8,0.038,0.3,0.5,-2.2,-0.7,-1.5,-0.1,20.1,0.574,0.54,0.186,1.7,12.8,7.2,10.2,1.7,1.2,14.5
T.J. Warren,1360,43,16.5,2.2,0.078,1.7,0.5,-1.4,0.3,-1.7,0.2,22.7,0.58,0.295,0.203,2.5,12.0,7.2,7.8,1.8,1.8,7.2
Russell Westbrook,1744,49,20.6,4.2,0.115,0.6,3.6,5.9,1.4,4.5,3.5,30.9,0.484,0.238,0.32,4.2,28.7,16.3,47.4,2.9,1.0,17.1
Derrick White,1138,45,14.6,2.4,0.099,1.3,1.0,0.6,0.2,0.4,0.7,16.9,0.58,0.26,0.26,2.1,12.7,7.4,19.7,1.9,1.7,15.3
Hassan Whiteside,1268,50,22.1,4.1,0.157,1.1,3.0,0.1,-2.9,3.0,0.7,22.5,0.543,0.03,0.383,15.8,36.1,25.9,5.7,1.3,7.1,12.0
Andrew Wiggins,1772,51,12.1,0.5,0.014,-0.6,1.1,-3.2,-2.0,-1.2,-0.5,24.7,0.481,0.281,0.264,3.8,11.2,7.4,10.4,1.5,1.5,9.2
Lou Williams,1382,53,21.9,3.8,0.131,3.0,0.7,0.7,3.4,-2.7,0.9,32.7,0.561,0.252,0.425,1.7,9.8,5.9,33.9,1.1,0.5,12.0
Marvin Williams,1584,56,13.0,3.2,0.098,1.7,1.6,0.5,0.3,0.3,1.0,15.0,0.551,0.604,0.133,3.5,18.1,10.7,6.1,1.6,2.2,5.1
Justise Winslow,1515,51,12.2,1.9,0.061,0.0,1.9,-0.5,-1.3,0.8,0.6,20.7,0.505,0.343,0.197,3.6,15.9,9.8,21.3,1.6,0.9,15.2
Delon Wright,981,52,14.4,2.4,0.119,1.1,1.3,0.9,-0.3,1.2,0.7,16.7,0.524,0.314,0.206,4.4,10.6,7.5,17.4,2.4,1.4,10.4
Thaddeus Young,1752,58,16.6,5.4,0.147,2.3,3.1,2.9,0.7,2.2,2.2,17.9,0.567,0.145,0.159,9.1,14.4,11.8,10.5,2.5,1.3,10.9
Trae Young,1743,58,14.5,0.7,0.02,0.3,0.5,-3.0,0.0,-3.0,-0.4,27.4,0.519,0.386,0.31,2.3,9.6,5.9,39.0,1.4,0.6,19.5
Cody Zeller,995,40,17.2,3.3,0.157,2.2,1.0,2.3,0.7,1.7,1.1,15.6,0.614,0.072,0.4,9.9,19.0,14.4,12.5,1.5,2.7,13.6
Ante Zizic,671,41,15.6,1.1,0.079,0.9,0.2,-4.3,-2.7,-1.6,-0.4,18.2,0.564,0.0,0.376,10.4,24.5,17.1,6.3,0.7,1.9,12.2
Ivica Zubac,576,36,19.1,1.9,0.161,1.2,0.7,-1.4,-1.6,0.2,0.1,20.6,0.632,0.0,0.373,10.2,21.6,16.1,7.0,0.3,4.3,13.6
